{
	"IcoMoonType": "selection",
	"icons": [
		{
			"icon": {
				"paths": [
					"M512 0c-282.77 0-512 229.23-512 512s229.23 512 512 512 512-229.23 512-512-229.23-512-512-512zM416 832l-212-276 94-98 118 150 370-302 46 46-416 480z"
				],
				"tags": [
					"checkmark-circle",
					"tick",
					"correct"
				],
				"grid": 16
			},
			"properties": {
				"id": 251,
				"order": 1,
				"prevSize": 32,
				"code": 58884,
				"name": "checkmark-circle",
				"ligatures": ""
			},
			"setIdx": 0,
			"iconIdx": 251
		},
		{
			"icon": {
				"paths": [
					"M512 0c-282.77 0-512 229.23-512 512s229.23 512 512 512 512-229.23 512-512-229.23-512-512-512zM768 346.51l-165.488 165.49 165.488 165.488v90.512h-90.512l-165.488-165.488-165.49 165.488h-90.51v-90.512l165.49-165.488-165.49-165.49v-90.51h90.51l165.49 165.49 165.488-165.49h90.512v90.51z"
				],
				"tags": [
					"cancel-circle",
					"close",
					"remove",
					"delete"
				],
				"grid": 16
			},
			"properties": {
				"id": 250,
				"order": 2,
				"prevSize": 32,
				"code": 58883,
				"name": "cancel-circle",
				"ligatures": ""
			},
			"setIdx": 0,
			"iconIdx": 250
		},
		{
			"icon": {
				"paths": [
					"M1024 736 736 0h-448l-288 288v448l288 288h448l288-288v-448l-288-288zM576 832h-128v-128h128v128zM576 576h-128v-384h128v384z"
				],
				"tags": [
					"spam",
					"notice",
					"notification",
					"exclamation"
				],
				"grid": 16
			},
			"properties": {
				"id": 252,
				"order": 3,
				"prevSize": 32,
				"code": 58885,
				"name": "spam",
				"ligatures": ""
			},
			"setIdx": 0,
			"iconIdx": 252
		},
		{
			"icon": {
				"paths": [
					"M832 960l192-512h-832l-192 512zM128 384l-128 576v-832h288l128 128h416v128z"
				],
				"tags": [
					"folder-open",
					"directory",
					"category",
					"browse"
				],
				"grid": 16
			},
			"properties": {
				"id": 47,
				"order": 4,
				"prevSize": 32,
				"code": 58880,
				"name": "folder-open",
				"ligatures": ""
			},
			"setIdx": 0,
			"iconIdx": 47
		},
		{
			"icon": {
				"paths": [
					"M512 0c-282.77 0-512 229.23-512 512s229.23 512 512 512 512-229.23 512-512-229.23-512-512-512zM448 192h128v128h-128v-128zM640 832h-256v-64h64v-256h-64v-64h192v320h64v64z"
				],
				"tags": [
					"info",
					"information"
				],
				"grid": 16
			},
			"properties": {
				"id": 248,
				"order": 5,
				"prevSize": 32,
				"code": 58882,
				"name": "info",
				"ligatures": ""
			},
			"setIdx": 0,
			"iconIdx": 248
		},
		{
			"icon": {
				"paths": [
					"M512 158.724l-344.834 737.276h689.668l-344.834-737.276zM512 0v0c22.070 0 44.14 14.882 60.884 44.648l437.072 871.112c33.49 59.532 5 108.24-63.302 108.24h-869.308c-68.304 0-96.79-48.708-63.304-108.24l437.074-871.112c16.744-29.766 38.814-44.648 60.884-44.648zM448 768c0-35.346 28.654-64 64-64s64 28.654 64 64c0 35.346-28.654 64-64 64-35.346 0-64-28.654-64-64zM512 384c35.346 0 64 28.654 64 64l-20 192h-88l-20-192c0-35.346 28.654-64 64-64z"
				],
				"tags": [
					"warning",
					"sign"
				],
				"grid": 16
			},
			"properties": {
				"id": 244,
				"order": 6,
				"prevSize": 32,
				"code": 58881,
				"name": "warning",
				"ligatures": ""
			},
			"setIdx": 0,
			"iconIdx": 244
		},
		{
			"icon": {
				"paths": [
					"M874.022 149.98c-92.652-92.656-220.636-149.98-362.022-149.98-219.488 0-406.69 138.128-479.498 332.188l119.876 44.954c54.604-145.546 195.006-249.142 359.622-249.142 106.040 0 202.020 43 271.506 112.494l-143.506 143.506h384v-384l-149.978 149.98zM512 896c-106.040 0-202.026-42.992-271.512-112.488l143.512-143.512h-384v384l149.994-149.994c92.646 92.662 220.618 149.994 362.006 149.994 219.49 0 406.692-138.128 479.5-332.188l-119.876-44.954c-54.604 145.546-195.006 249.142-359.624 249.142z"
				],
				"tags": [
					"loop",
					"repeat",
					"reload",
					"refresh",
					"update",
					"upgrade",
					"synchronize",
					"media control",
					"arrows"
				],
				"grid": 16
			},
			"properties": {
				"id": 284,
				"order": 7,
				"prevSize": 32,
				"code": 58886,
				"name": "loop",
				"ligatures": ""
			},
			"setIdx": 0,
			"iconIdx": 284
		},
		{
			"icon": {
				"paths": [
					"M1024 320l-512-256-512 256 512 256 512-256zM512 148.97l342.058 171.030-342.058 171.030-342.058-171.030 342.058-171.030zM921.444 460.722l102.556 51.278-512 256-512-256 102.556-51.278 409.444 204.722zM921.444 652.722l102.556 51.278-512 256-512-256 102.556-51.278 409.444 204.722z"
				],
				"tags": [
					"stack",
					"layers"
				],
				"grid": 16
			},
			"properties": {
				"id": 45,
				"order": 8,
				"prevSize": 32,
				"code": 58887,
				"name": "stack",
				"ligatures": ""
			},
			"setIdx": 0,
			"iconIdx": 45
		},
		{
			"icon": {
				"paths": [
					"M320 384h128v128h-128zM512 384h128v128h-128zM704 384h128v128h-128zM128 768h128v128h-128zM320 768h128v128h-128zM512 768h128v128h-128zM320 576h128v128h-128zM512 576h128v128h-128zM704 576h128v128h-128zM128 576h128v128h-128zM832 0v64h-128v-64h-448v64h-128v-64h-128v1024h960v-1024h-128zM896 960h-832v-704h832v704z"
				],
				"tags": [
					"calendar",
					"schedule",
					"date",
					"time",
					"day"
				],
				"grid": 16
			},
			"properties": {
				"id": 78,
				"order": 9,
				"prevSize": 32,
				"code": 58888,
				"name": "calendar",
				"ligatures": ""
			},
			"setIdx": 0,
			"iconIdx": 78
		},
		{
			"icon": {
				"paths": [
					"M852 0h-680c-94.6 0-172 77.4-172 172v680c0 94.6 77.4 172 172 172h680c94.6 0 172-77.4 172-172v-680c0-94.6-77.4-172-172-172zM384 832h-128v-448h128v448zM320 320c-35.346 0-64-28.654-64-64s28.654-64 64-64 64 28.654 64 64-28.654 64-64 64zM832 832h-128v-256c0-35.346-28.654-64-64-64s-64 28.654-64 64v256h-128v-448h128v79.472c26.398-36.264 66.752-79.472 112-79.472 79.53 0 144 71.634 144 160v288z"
				],
				"tags": [
					"linkedin",
					"social"
				],
				"grid": 16
			},
			"properties": {
				"id": 415,
				"order": 10,
				"prevSize": 32,
				"code": 58892,
				"name": "linkedin",
				"ligatures": ""
			},
			"setIdx": 0,
			"iconIdx": 415
		},
		{
			"icon": {
				"paths": [
					"M853.344 0h-682.66c-93.872 0-170.684 76.814-170.684 170.688v682.626c0 93.938 76.812 170.686 170.684 170.686l682.66-0.002c93.876 0 170.656-76.746 170.656-170.688v-682.622c0-93.874-76.782-170.688-170.656-170.688zM870.592 512h-166.592v448h-192v-448h-92.526v-146.564h92.526v-95.186c0-129.342 55.792-206.25 207.87-206.25h175.244v158.57h-143.13c-42.482-0.070-47.752 22.152-47.752 63.512l-0.232 79.354h192l-25.408 146.564z"
				],
				"tags": [
					"facebook",
					"social"
				],
				"grid": 16
			},
			"properties": {
				"id": 362,
				"order": 11,
				"prevSize": 32,
				"code": 58890,
				"name": "facebook",
				"ligatures": ""
			},
			"setIdx": 0,
			"iconIdx": 362
		},
		{
			"icon": {
				"paths": [
					"M853.342 0h-682.656c-93.874 0-170.686 76.81-170.686 170.69v682.622c0 93.938 76.812 170.688 170.686 170.688h682.656c93.876 0 170.658-76.75 170.658-170.69v-682.62c0-93.88-76.782-170.69-170.658-170.69zM838.052 341.834c0.328 7.342 0.49 14.728 0.49 22.148 0 226.214-169.216 487.068-478.658 487.068-95.004 0-183.434-28.348-257.886-76.918 13.16 1.588 26.552 2.394 40.13 2.394 78.822 0 151.358-27.37 208.934-73.282-73.616-1.38-135.744-50.876-157.154-118.882 10.274 2 20.812 3.074 31.652 3.074 15.344 0 30.206-2.096 44.32-6.008-76.96-15.732-134.95-84.916-134.95-167.856 0-0.722 0-1.438 0.016-2.152 22.68 12.82 48.624 20.52 76.2 21.41-45.142-30.698-74.842-83.092-74.842-142.488 0-31.37 8.294-60.778 22.778-86.058 82.974 103.57 206.936 171.72 346.754 178.862-2.87-12.532-4.358-25.596-4.358-39.014 0-94.538 75.326-171.18 168.23-171.18 48.39 0 92.118 20.786 122.802 54.058 38.32-7.676 74.324-21.92 106.832-41.542-12.562 39.976-39.234 73.522-73.966 94.71 34.026-4.138 66.452-13.34 96.62-26.954-22.546 34.324-51.070 64.476-83.944 88.61z"
				],
				"tags": [
					"twitter",
					"tweet",
					"social"
				],
				"grid": 16
			},
			"properties": {
				"id": 366,
				"order": 12,
				"prevSize": 32,
				"code": 58891,
				"name": "twitter",
				"ligatures": ""
			},
			"setIdx": 0,
			"iconIdx": 366
		},
		{
			"icon": {
				"paths": [
					"M0.806 869.664c-0.244-2.532-0.452-5.070-0.584-7.63 0.13 2.56 0.34 5.098 0.584 7.63zM235.908 565.148c92.010 2.738 153.734-92.698 137.862-213.198-15.894-120.48-103.396-217.168-195.408-219.922-92.026-2.73-153.74 89.482-137.852 210 15.882 120.468 103.352 220.374 195.398 223.12zM1024 256v-85.31c0-93.88-76.782-170.69-170.658-170.69h-682.656c-92.276 0-168.012 74.232-170.564 165.926 58.362-51.386 139.324-94.316 222.874-94.316 89.304 0 357.244 0 357.244 0l-79.948 67.618h-113.268c75.13 28.804 115.156 116.124 115.156 205.722 0 75.248-41.81 139.954-100.888 185.968-57.644 44.902-68.572 63.708-68.572 101.878 0 32.578 61.746 88 94.032 110.788 94.382 66.538 124.916 128.312 124.916 231.456 0 16.428-2.042 32.83-6.066 48.96h307.742c93.874 0 170.656-76.75 170.656-170.69v-533.308h-192v191.998h-64v-192h-191.998v-64h191.998v-192h64v192h192zM185.886 765.936c21.614 0 41.422-0.59 61.936-0.59-27.146-26.334-48.626-58.6-48.626-98.38 0-23.608 7.564-46.336 18.134-66.52-10.782 0.77-21.79 0.994-33.126 0.994-74.356 0-137.506-24.076-184.204-63.854v67.242l0.006 201.73c53.44-25.374 116.888-40.622 185.88-40.622zM3.42 887.258c-1.112-5.458-1.966-11.006-2.542-16.634 0.574 5.628 1.43 11.176 2.542 16.634zM455.45 952.846c-15.058-58.806-68.454-87.964-142.888-139.568-27.072-8.732-56.894-13.874-88.894-14.208-89.618-0.964-173.108 34.942-220.216 88.372 15.92 77.706 85.034 136.558 167.234 136.558h286.444c1.816-11.128 2.696-22.632 2.696-34.432 0-12.534-1.534-24.792-4.376-36.722z"
				],
				"tags": [
					"google plus",
					"social"
				],
				"grid": 16
			},
			"properties": {
				"id": 358,
				"order": 13,
				"prevSize": 32,
				"code": 58889,
				"name": "googleplus",
				"ligatures": ""
			},
			"setIdx": 0,
			"iconIdx": 358
		}
	],
	"height": 1024,
	"metadata": {
		"name": "cmsms-ui"
	},
	"preferences": {
		"showGlyphs": true,
		"showQuickUse": true,
		"fontPref": {
			"prefix": "icon-",
			"metadata": {
				"fontFamily": "cmsms-ui",
				"majorVersion": 1,
				"minorVersion": 0
			},
			"metrics": {
				"emSize": 512,
				"baseline": 6.25,
				"whitespace": 50
			},
			"embed": true,
			"showVersion": true,
			"showMetadata": true,
			"showMetrics": true,
			"resetPoint": 58880
		},
		"imagePref": {},
		"historySize": 100,
		"showCodes": true,
		"search": "",
		"gridSize": 16
	}
}